Clients,Iteration,Add_Event_Mean,Add_Event_SD,Fetch_Event_Mean,Fetch_Event_SD,Fetch_Event_Sum,Preprocess_Mean,Preprocess_SD,Preprocess_Sum,First_Event_Latency_ms
1,1,9.09,10.66,17.41,29.30,37223.00,0.22,0.45,475.00,77606.00
1,2,8.98,11.65,15.35,23.99,32757.00,0.21,0.42,447.00,96712.00
1,3,6.93,8.13,15.41,21.29,32906.00,0.23,0.43,497.00,85672.00
1,4,8.83,9.17,15.69,20.96,33490.00,0.25,0.46,525.00,75154.00
1,5,12.42,12.71,17.26,22.81,36850.00,0.23,0.45,495.00,64606.00
1,6,8.16,9.22,16.34,24.77,34867.00,0.24,0.46,505.00,87004.00
1,7,3.73,4.80,14.23,24.07,30371.00,0.25,0.47,532.00,139080.00
1,8,10.19,12.40,16.89,26.93,36033.00,0.24,0.47,519.00,101196.00
1,9,6.02,7.31,14.82,21.51,31633.00,0.27,0.49,567.00,123510.00
1,10,3.34,4.18,13.22,18.39,28215.00,0.25,0.45,538.00,145704.00
1,11,11.86,12.69,16.76,23.38,35775.00,0.23,0.43,495.00,77849.00
1,12,8.11,8.87,16.45,24.73,35076.00,0.24,0.47,519.00,69912.00
1,13,14.36,14.44,18.20,24.35,38846.00,0.24,0.46,510.00,62278.00
1,14,7.11,10.26,17.09,28.10,36471.00,0.25,0.48,534.00,114451.00
1,15,8.16,10.51,15.53,22.25,33167.00,0.25,0.45,524.00,106764.00
1,16,10.31,11.77,15.63,23.10,33361.00,0.23,0.47,490.00,69095.00
1,17,7.11,9.94,15.46,23.08,32993.00,0.25,0.45,526.00,121001.00
1,18,11.53,13.74,16.89,22.69,36069.00,0.23,0.44,494.00,83197.00
1,19,10.15,13.53,16.73,25.74,35702.00,0.26,0.45,563.00,105505.00
1,20,9.77,9.57,17.85,28.12,38105.00,0.24,0.45,512.00,67552.00
1,21,11.16,13.50,18.15,30.36,38688.00,0.24,0.45,511.00,89656.00
1,22,10.78,11.85,17.33,23.54,36981.00,0.23,0.44,486.00,81864.00
1,23,9.79,12.84,16.40,24.89,34989.00,0.27,0.46,581.00,103990.00
1,24,6.66,9.46,15.36,21.77,32786.00,0.26,0.46,546.00,125704.00
1,25,11.09,13.55,17.60,25.91,37544.00,0.22,0.42,460.00,87924.00
1,26,9.36,10.37,16.92,25.15,36090.00,0.27,0.50,577.00,80401.00
1,27,9.81,13.18,17.82,27.01,38030.00,0.22,0.43,477.00,102478.00
1,28,10.76,13.08,17.57,26.56,37505.00,0.24,0.46,522.00,94506.00
1,29,11.55,12.85,17.67,24.70,37729.00,0.25,0.49,539.00,86642.00
1,30,7.89,10.16,17.15,26.54,36604.00,0.25,0.46,527.00,108857.00
1,31,6.74,9.76,15.46,22.65,32987.00,0.28,0.47,608.00,131128.00
1,32,10.87,11.52,17.64,24.46,37645.00,0.23,0.47,498.00,63030.00
1,33,10.88,13.13,16.11,24.51,34375.00,0.24,0.45,515.00,85282.00
1,34,5.52,8.04,15.24,23.64,32521.00,0.30,0.49,636.00,137514.00
1,35,12.76,13.23,18.96,29.45,40464.00,0.22,0.48,478.00,69581.00
2,1,3.28,4.00,36.96,75.36,78795.00,0.27,0.47,582.00,138848.00
2,2,11.19,12.73,42.86,93.07,91373.00,0.24,0.44,508.00,83005.00
2,3,4.99,7.71,36.96,80.13,78866.00,0.26,0.45,560.00,106043.00
2,4,3.55,5.11,39.31,86.23,83815.00,0.26,0.47,548.00,144967.00
2,5,9.32,11.73,38.74,86.61,82720.00,0.26,0.46,559.00,89274.00
2,6,2.85,2.19,39.28,91.45,83814.00,0.28,0.48,599.00,209510.00
2,7,9.58,10.66,41.54,89.54,88651.00,0.24,0.44,507.00,73365.00
2,8,9.74,9.64,40.43,86.55,86207.00,0.26,0.48,545.00,65421.00
2,9,10.65,12.77,41.56,87.82,88697.00,0.25,0.46,535.00,87783.00
2,10,9.89,11.16,36.17,77.37,77119.00,0.23,0.44,499.00,79826.00
2,11,3.34,4.44,41.05,92.86,87687.00,0.27,0.46,570.00,160413.00
2,12,11.03,11.75,39.95,86.61,85260.00,0.23,0.46,493.00,63831.00
2,13,4.21,6.54,37.26,77.90,79506.00,0.28,0.48,588.00,122471.00
2,14,4.15,6.11,36.54,77.77,77947.00,0.27,0.47,585.00,108223.00
2,15,13.55,14.26,39.73,89.64,84854.00,0.24,0.45,502.00,69864.00
2,16,11.09,11.71,38.77,82.42,82733.00,0.23,0.45,497.00,62067.00
2,17,10.41,12.09,41.54,85.22,88598.00,0.25,0.45,525.00,83990.00
2,18,4.54,6.57,40.38,95.10,86083.00,0.29,0.51,615.00,106963.00
2,19,7.50,11.15,41.47,100.31,88504.00,0.26,0.46,558.00,98263.00
2,20,4.93,7.45,38.58,84.91,82377.00,0.27,0.47,581.00,139261.00
2,21,10.58,12.44,39.09,86.00,83420.00,0.26,0.45,551.00,81887.00
2,22,11.56,13.63,39.35,83.28,83981.00,0.25,0.45,530.00,73866.00
2,23,9.59,9.67,40.56,86.35,86522.00,0.24,0.46,514.00,65908.00
2,24,10.46,12.92,41.26,91.74,88053.00,0.24,0.47,515.00,88083.00
2,25,2.57,2.06,42.10,90.03,89834.00,0.29,0.49,621.00,223148.00
2,26,3.03,3.54,39.87,89.68,85126.00,0.27,0.47,577.00,181370.00
2,27,14.64,14.69,43.06,93.99,91893.00,0.22,0.44,474.00,63604.00
2,28,11.51,14.27,41.10,82.78,87675.00,0.25,0.47,525.00,85672.00
2,29,10.91,12.06,41.52,96.04,88600.00,0.26,0.46,560.00,77390.00
2,30,13.74,14.17,42.90,86.73,91498.00,0.26,0.47,550.00,69675.00
2,31,9.62,11.45,42.23,87.63,90168.00,0.25,0.44,536.00,91811.00
2,32,9.72,10.97,37.88,74.99,80762.00,0.26,0.45,559.00,83354.00
2,33,11.99,13.64,41.10,87.67,87718.00,0.25,0.47,535.00,75367.00
2,34,8.54,10.84,46.30,108.33,98806.00,0.26,0.48,555.00,97314.00
2,35,2.75,1.94,39.95,87.98,85207.00,0.29,0.48,624.00,218431.00
3,1,5.43,7.35,64.99,153.33,138567.00,0.26,0.47,556.00,82618.00
3,2,9.44,9.64,59.68,125.43,127349.00,0.27,0.48,569.00,70315.00
3,3,4.81,6.45,60.41,129.24,128907.00,0.27,0.45,566.00,94344.00
3,4,3.27,3.43,57.75,126.92,123229.00,0.29,0.48,613.00,196150.00
3,5,11.58,12.58,62.21,133.02,132811.00,0.25,0.44,537.00,67225.00
3,6,3.19,3.70,58.74,130.70,125299.00,0.29,0.50,612.00,223379.00
3,7,8.38,10.83,63.49,135.83,135541.00,0.27,0.46,581.00,75081.00
3,8,13.72,13.98,63.07,142.11,134650.00,0.23,0.43,489.00,63165.00
3,9,2.77,2.26,63.34,147.39,135166.00,0.29,0.50,625.00,273791.00
3,10,7.68,12.10,69.61,152.11,148547.00,0.27,0.46,579.00,71880.00
3,11,2.60,1.88,57.77,127.04,123273.00,0.31,0.49,651.00,283765.00
3,12,5.12,7.16,63.27,134.73,135080.00,0.25,0.45,536.00,82857.00
3,13,13.08,13.85,61.94,162.48,132185.00,0.28,0.46,594.00,68390.00
3,14,5.52,8.33,67.41,149.99,143852.00,0.29,0.51,617.00,91713.00
3,15,3.26,3.51,59.09,121.49,126035.00,0.29,0.47,627.00,226023.00
3,16,3.09,2.27,58.74,135.05,125342.00,0.30,0.49,647.00,271896.00
3,17,10.82,10.82,64.80,149.55,138223.00,0.26,0.49,560.00,63118.00
3,18,5.65,8.17,62.19,128.12,132710.00,0.30,0.49,648.00,88899.00
3,19,2.88,2.50,57.17,123.38,121995.00,0.31,0.48,665.00,267308.00
3,20,10.44,13.64,69.67,160.97,148684.00,0.28,0.46,599.00,68403.00
3,21,3.19,3.71,60.36,135.00,128809.00,0.30,0.49,639.00,221978.00
3,22,6.45,9.84,56.34,119.06,120233.00,0.28,0.47,593.00,83988.00
3,23,3.05,2.01,61.25,128.06,130718.00,0.31,0.49,656.00,256790.00
3,24,10.64,10.77,61.97,137.13,132253.00,0.26,0.47,557.00,65616.00
3,25,5.17,7.49,64.73,137.86,138068.00,0.28,0.47,590.00,95236.00
3,26,6.85,10.40,60.02,132.03,128015.00,0.29,0.52,612.00,80948.00
3,27,10.83,11.27,60.56,124.80,129241.00,0.28,0.47,597.00,71300.00
3,28,3.11,2.66,58.61,127.09,125007.00,0.29,0.48,629.00,255138.00
3,29,3.19,3.32,54.16,120.13,115622.00,0.31,0.52,667.00,240645.00
3,30,8.13,10.32,59.58,120.43,127086.00,0.29,0.50,625.00,76563.00
3,31,12.35,12.98,66.66,135.84,142249.00,0.27,0.47,584.00,68000.00
3,32,2.88,1.94,58.05,122.38,123871.00,0.30,0.48,644.00,266654.00
3,33,6.84,10.60,64.32,144.51,137132.00,0.28,0.46,597.00,84241.00
3,34,7.47,11.49,59.10,127.24,126128.00,0.29,0.48,626.00,73480.00
3,35,4.96,6.77,59.65,128.89,127172.00,0.31,0.53,667.00,108358.00
4,1,3.01,2.07,72.54,170.52,154586.00,0.32,0.50,676.00,333340.00
4,2,5.80,7.94,76.59,158.89,163438.00,0.29,0.47,627.00,67603.00
4,3,2.94,2.18,73.18,172.69,156169.00,0.31,0.51,661.00,335634.00
4,4,3.80,4.67,76.13,165.95,162612.00,0.31,0.49,664.00,189497.00
4,5,3.15,2.86,79.57,190.70,169887.00,0.31,0.49,658.00,317051.00
4,6,3.27,3.40,70.12,147.41,149422.00,0.28,0.47,591.00,260105.00
4,7,4.04,5.29,82.77,186.65,176791.00,0.29,0.49,621.00,169625.00
4,8,2.93,2.59,74.60,178.87,159187.00,0.28,0.47,597.00,344264.00
4,9,7.02,10.45,86.67,212.62,185035.00,0.29,0.48,611.00,68556.00
4,10,4.28,5.94,85.13,185.61,181493.00,0.32,0.50,683.00,174131.00
4,11,5.31,7.50,84.21,186.37,179782.00,0.30,0.48,648.00,102402.00
4,12,6.00,8.74,80.49,169.37,171684.00,0.30,0.49,636.00,76449.00
4,13,3.07,2.71,78.95,171.08,168401.00,0.29,0.48,627.00,316357.00
4,14,3.75,4.38,75.73,166.00,161694.00,0.30,0.47,642.00,202796.00
4,15,5.37,7.53,77.93,161.09,166372.00,0.30,0.48,643.00,89938.00
4,16,5.89,8.16,82.18,176.19,175365.00,0.29,0.49,626.00,74894.00
4,17,2.97,2.18,79.49,181.05,169707.00,0.30,0.47,636.00,345557.00
4,18,4.51,6.00,76.97,166.93,164174.00,0.30,0.50,634.00,151897.00
4,19,8.04,10.46,75.06,163.05,160098.00,0.29,0.49,627.00,81395.00
4,20,4.33,5.68,77.21,176.04,164844.00,0.30,0.49,644.00,163761.00
4,21,5.12,7.27,77.46,182.09,165224.00,0.29,0.49,622.00,113227.00
4,22,5.02,6.89,83.83,179.90,178885.00,0.31,0.48,651.00,120967.00
4,23,6.72,9.94,79.73,190.15,170143.00,0.29,0.49,611.00,78905.00
4,24,2.94,1.77,73.20,167.33,156216.00,0.31,0.50,669.00,323992.00
4,25,3.00,2.41,71.50,161.99,152441.00,0.33,0.50,701.00,327737.00
4,26,5.88,8.72,81.99,181.42,175047.00,0.30,0.49,641.00,91682.00
4,27,6.48,9.46,88.12,199.04,188145.00,0.29,0.47,629.00,69039.00
4,28,4.86,6.78,89.64,223.24,191198.00,0.29,0.47,614.00,108945.00
4,29,3.40,4.09,80.25,185.99,171089.00,0.31,0.49,654.00,276951.00
4,30,3.04,2.12,72.20,158.89,154081.00,0.30,0.49,644.00,323559.00
4,31,3.34,3.13,68.73,161.56,146673.00,0.31,0.51,667.00,295214.00
4,32,3.11,2.46,81.09,174.31,173128.00,0.31,0.51,668.00,337377.00
4,33,5.49,7.76,83.44,199.73,177987.00,0.29,0.46,622.00,82366.00
4,34,3.07,2.26,76.77,166.04,163818.00,0.31,0.49,657.00,341727.00
4,35,4.94,6.97,72.45,147.88,154539.00,0.32,0.51,679.00,124997.00
5,1,3.27,3.07,93.45,208.87,199146.00,0.33,0.53,705.00,376283.00
5,2,3.46,3.42,95.44,202.27,203568.00,0.32,0.49,682.00,287310.00
5,3,6.02,8.45,102.25,227.59,218197.00,0.29,0.50,628.00,82454.00
5,4,7.97,9.79,98.16,207.35,209376.00,0.29,0.50,620.00,75038.00
5,5,3.02,2.44,97.34,210.03,207728.00,0.33,0.50,701.00,363519.00
5,6,4.33,5.85,90.42,207.04,193056.00,0.32,0.51,685.00,227064.00
5,7,5.86,8.26,92.96,199.86,198107.00,0.30,0.49,633.00,79558.00
5,8,3.30,2.91,101.95,234.05,217351.00,0.32,0.49,686.00,355908.00
5,9,3.95,5.09,88.27,195.55,188378.00,0.31,0.49,665.00,253469.00
5,10,6.08,8.63,105.90,230.25,225981.00,0.30,0.49,646.00,80204.00
5,11,3.51,4.18,98.12,218.55,209190.00,0.30,0.49,640.00,305685.00
5,12,3.29,3.04,90.41,220.57,192842.00,0.32,0.50,679.00,383404.00
5,13,5.75,8.09,100.24,218.97,213702.00,0.30,0.50,650.00,96789.00
5,14,6.11,8.54,95.70,201.87,204322.00,0.30,0.49,631.00,80932.00
5,15,3.48,3.84,100.81,216.07,215020.00,0.30,0.49,643.00,338556.00
5,16,3.15,2.31,99.53,277.29,212193.00,0.34,0.51,715.00,391683.00
5,17,3.31,3.34,96.02,229.61,204996.00,0.31,0.48,655.00,349375.00
5,18,7.07,10.53,98.02,206.69,209080.00,0.32,0.51,686.00,70454.00
5,19,3.05,2.10,106.24,248.58,226711.00,0.33,0.51,710.00,403745.00
5,20,5.16,7.19,104.47,246.44,222932.00,0.30,0.54,645.00,116244.00
5,21,5.96,7.95,94.25,192.20,200950.00,0.29,0.47,627.00,72696.00
5,22,3.91,4.91,88.52,187.99,188810.00,0.30,0.48,645.00,268970.00
5,23,3.58,4.43,96.86,208.42,206603.00,0.30,0.49,640.00,288358.00
5,24,3.37,2.59,83.67,187.72,178463.00,0.33,0.50,710.00,378709.00
5,25,6.61,9.35,96.19,214.25,205366.00,0.32,0.50,689.00,67285.00
5,26,3.45,3.62,86.52,218.07,184721.00,0.31,0.49,668.00,381765.00
5,27,6.03,8.54,94.27,200.45,201264.00,0.31,0.50,657.00,100057.00
5,28,3.40,2.74,87.38,205.97,186391.00,0.35,0.51,736.00,400574.00
5,29,3.67,4.23,84.10,176.00,179386.00,0.32,0.48,693.00,311025.00
5,30,4.68,6.41,97.30,238.62,207630.00,0.31,0.49,672.00,159187.00
5,31,3.85,4.44,89.50,194.17,191088.00,0.32,0.49,688.00,246827.00
5,32,3.08,2.49,105.51,236.66,225260.00,0.34,0.54,719.00,392523.00
5,33,3.68,3.99,99.05,233.33,211176.00,0.32,0.49,675.00,326398.00
5,34,3.26,2.44,82.33,193.22,175533.00,0.33,0.52,700.00,417474.00
5,35,7.02,10.54,88.83,197.09,189660.00,0.30,0.52,635.00,75888.00
6,1,3.45,3.43,124.35,282.90,265107.00,0.31,0.51,671.00,416912.00
6,2,3.35,2.63,101.62,260.68,216966.00,0.32,0.51,687.00,440962.00
6,3,3.50,2.43,106.92,250.44,228060.00,0.37,0.57,779.00,448199.00
6,4,3.49,3.16,96.52,232.58,205775.00,0.33,0.56,713.00,452639.00
6,5,3.35,2.31,118.14,271.15,252115.00,0.34,0.54,718.00,478081.00
6,6,3.56,3.81,109.15,244.51,232817.00,0.33,0.52,694.00,401449.00
6,7,5.71,7.95,102.41,231.35,218635.00,0.34,0.49,719.00,115497.00
6,8,3.28,2.59,102.69,232.43,219246.00,0.35,0.54,747.00,486062.00
6,9,3.37,2.63,93.64,200.88,199631.00,0.37,0.54,784.00,480822.00
6,10,3.65,3.34,104.29,235.16,222562.00,0.32,0.52,688.00,426790.00
6,11,3.46,3.02,110.52,272.99,235746.00,0.35,0.54,741.00,431693.00
6,12,3.93,4.74,135.91,320.82,290168.00,0.33,0.50,706.00,321819.00
6,13,3.87,4.53,113.07,278.43,241400.00,0.33,0.49,711.00,396690.00
6,14,3.50,2.58,103.20,235.49,220337.00,0.35,0.53,739.00,476770.00
6,15,3.57,4.23,100.11,240.86,213537.00,0.33,0.54,706.00,446685.00
6,16,3.53,2.56,98.79,230.13,210722.00,0.35,0.51,744.00,480153.00
6,17,3.64,3.15,96.82,203.48,206415.00,0.35,0.53,749.00,482489.00
6,18,3.62,3.46,106.04,251.98,226176.00,0.35,0.52,746.00,448979.00
6,19,3.66,3.37,99.50,225.96,212139.00,0.34,0.52,729.00,423379.00
6,20,3.47,2.58,106.10,259.82,226301.00,0.35,0.52,739.00,471671.00
6,21,3.38,2.82,103.17,252.58,220065.00,0.36,0.54,777.00,503340.00
6,22,3.65,3.66,102.16,225.71,217912.00,0.37,0.55,791.00,429091.00
6,23,3.50,3.10,111.12,255.45,237251.00,0.35,0.54,749.00,462342.00
6,24,8.26,11.94,93.97,197.23,200431.00,0.30,0.49,648.00,79450.00
6,25,3.37,2.84,107.78,253.39,229996.00,0.35,0.54,753.00,484643.00
6,26,3.46,2.91,103.56,254.39,220993.00,0.33,0.52,701.00,482763.00
6,27,3.57,2.70,98.63,230.97,210370.00,0.34,0.52,728.00,478906.00
6,28,3.49,2.45,112.15,284.07,239220.00,0.34,0.53,725.00,469899.00
6,29,3.39,2.94,97.21,215.71,207245.00,0.36,0.55,771.00,488615.00
6,30,4.65,6.53,119.96,272.59,256105.00,0.33,0.52,695.00,243249.00
6,31,3.38,2.86,105.90,235.88,226096.00,0.34,0.53,730.00,455405.00
6,32,3.77,4.17,106.58,265.58,227441.00,0.33,0.54,709.00,422477.00
6,33,3.72,3.78,101.52,236.37,216546.00,0.34,0.53,731.00,426136.00
6,34,3.62,2.74,96.78,219.68,206625.00,0.34,0.52,718.00,465671.00
6,35,3.94,4.56,107.63,237.66,229584.00,0.36,0.56,770.00,363238.00
7,1,3.95,3.40,105.86,218.03,225578.00,0.39,0.57,835.00,536399.00
7,2,4.11,4.14,112.38,321.96,239705.00,0.35,0.55,753.00,537923.00
7,3,5.07,7.61,115.08,242.00,245456.00,0.35,0.53,751.00,358809.00
7,4,6.43,10.11,119.94,289.74,255840.00,0.35,0.51,742.00,251717.00
7,5,3.85,3.06,114.52,294.97,244281.00,0.35,0.52,753.00,551558.00
7,6,3.93,4.37,126.68,302.85,270459.00,0.36,0.55,779.00,525127.00
7,7,4.45,5.93,114.74,250.60,244624.00,0.33,0.53,699.00,470763.00
7,8,3.80,2.69,132.91,348.69,283629.00,0.37,0.58,800.00,593183.00
7,9,3.88,3.24,105.83,234.19,225939.00,0.36,0.56,775.00,560556.00
7,10,8.18,12.40,128.80,276.52,274595.00,0.34,0.49,716.00,147874.00
7,11,8.66,12.61,124.99,291.29,266488.00,0.31,0.49,667.00,102884.00
7,12,4.02,4.22,125.97,288.28,268818.00,0.37,0.53,798.00,525404.00
7,13,4.07,3.98,116.03,282.01,247487.00,0.35,0.52,747.00,534088.00
7,14,9.55,13.50,104.95,235.38,223867.00,0.33,0.52,701.00,82876.00
7,15,4.14,4.52,116.87,266.52,249527.00,0.38,0.55,809.00,515252.00
7,16,4.28,4.76,115.72,250.57,246947.00,0.38,0.55,803.00,505552.00
7,17,7.40,11.52,127.30,291.75,271666.00,0.33,0.51,707.00,163848.00
7,18,3.90,3.08,96.68,209.56,206305.00,0.38,0.54,809.00,568433.00
7,19,4.39,6.18,107.98,263.14,230221.00,0.37,0.56,784.00,478122.00
7,20,4.09,3.80,123.45,301.18,263194.00,0.38,0.55,803.00,572943.00
7,21,3.89,3.12,99.23,232.25,211667.00,0.38,0.56,807.00,567671.00
7,22,3.91,2.57,116.33,310.19,248141.00,0.40,0.55,857.00,584239.00
7,23,4.36,4.41,111.19,248.42,237052.00,0.37,0.56,791.00,507520.00
7,24,3.82,2.93,110.45,267.16,235811.00,0.38,0.57,801.00,565263.00
7,25,4.46,5.48,110.06,266.54,234762.00,0.37,0.55,789.00,492377.00
7,26,6.27,8.59,117.52,265.18,250663.00,0.38,0.56,801.00,396939.00
7,27,4.11,4.29,124.47,291.90,265379.00,0.37,0.56,779.00,557804.00
7,28,4.05,3.05,107.99,255.65,230353.00,0.38,0.57,819.00,552907.00
7,29,4.10,4.39,98.63,224.50,210487.00,0.37,0.57,795.00,516812.00
7,30,8.67,13.44,141.73,355.40,302166.00,0.35,0.51,744.00,135609.00
7,31,5.52,8.52,106.27,227.70,226558.00,0.36,0.55,761.00,374723.00
7,32,4.59,5.79,131.74,296.52,280337.00,0.37,0.55,787.00,453258.00
7,33,5.60,8.22,100.95,264.14,214320.00,0.36,0.53,770.00,385275.00
7,34,3.78,3.27,115.83,256.62,229797.00,0.36,0.55,723.00,548248.00
7,35,4.34,3.36,124.77,288.81,255644.00,0.38,0.58,783.00,565817.00
8,1,2.96,2.91,119.59,294.93,251016.00,0.30,0.51,635.00,546728.00
8,2,2.85,2.07,124.28,299.89,260735.00,0.30,0.49,622.00,639836.00
8,3,2.91,2.32,124.66,270.62,262908.00,0.31,0.50,649.00,627693.00
8,4,2.88,2.27,114.76,241.54,242368.00,0.31,0.50,655.00,596335.00
8,5,2.95,2.12,120.32,287.79,252903.00,0.33,0.55,692.00,609973.00
8,6,3.50,0.50,115.00,164.08,460.00,0.25,0.43,1.00,0.00
8,7,3.01,2.48,131.70,293.64,278020.00,0.32,0.52,677.00,541535.00
8,8,2.92,2.13,141.02,341.67,298255.00,0.32,0.52,684.00,607561.00
8,9,3.00,2.57,121.63,276.71,255417.00,0.31,0.51,653.00,557447.00
8,10,3.00,0.82,134.67,176.31,404.00,0.33,0.47,1.00,0.00
8,11,2.83,1.92,109.80,252.62,229695.00,0.31,0.52,657.00,658367.00
8,12,2.75,1.09,273.25,297.24,1093.00,0.25,0.43,1.00,0.00
8,13,3.00,2.17,139.62,346.94,293476.00,0.32,0.50,671.00,616300.00
8,14,2.84,1.84,114.77,244.89,241246.00,0.32,0.50,664.00,644389.00
8,15,2.89,2.18,125.85,294.75,265164.00,0.30,0.51,635.00,626076.00
8,16,3.07,2.85,130.45,300.74,274069.00,0.31,0.51,644.00,588088.00
8,17,3.05,2.43,113.04,253.09,238169.00,0.31,0.50,647.00,620970.00
8,18,3.07,2.65,116.98,259.87,246350.00,0.30,0.52,641.00,567103.00
8,19,2.97,2.31,125.19,284.81,264020.00,0.30,0.50,641.00,557926.00
8,20,3.08,2.28,121.97,278.80,256261.00,0.33,0.53,690.00,610113.00
8,21,2.99,2.27,119.39,274.36,249516.00,0.30,0.50,620.00,605077.00
8,22,2.99,2.23,108.84,279.55,228774.00,0.31,0.49,642.00,634194.00
8,23,2.96,2.15,123.87,297.30,260011.00,0.34,0.53,713.00,636351.00
8,24,3.20,3.27,118.53,302.20,249029.00,0.31,0.49,647.00,591622.00
8,25,2.99,2.52,125.72,323.09,263134.00,0.33,0.53,684.00,615938.00
8,26,2.98,2.21,125.44,311.13,262666.00,0.33,0.53,692.00,617246.00
8,27,4.00,0.00,246.67,201.65,740.00,0.33,0.47,1.00,0.00
8,28,3.12,2.59,116.14,260.50,239479.00,0.33,0.54,681.00,661806.00
8,29,3.22,2.41,121.49,279.65,253801.00,0.32,0.52,675.00,541099.00
8,30,3.03,2.03,119.05,309.42,248449.00,0.32,0.55,667.00,600487.00
8,31,3.78,4.35,132.38,292.68,279180.00,0.32,0.51,666.00,311328.00
8,32,2.86,2.53,130.85,318.10,275964.00,0.31,0.50,658.00,629183.00
8,33,3.05,2.33,113.66,257.58,238810.00,0.33,0.53,699.00,593550.00
8,34,3.25,2.73,116.08,279.80,243423.00,0.31,0.52,644.00,527118.00
8,35,3.23,2.73,129.45,321.20,272371.00,0.30,0.52,638.00,51.00
9,1,3.25,2.77,113.55,273.90,226864.00,0.31,0.51,617.00,648230.00
9,2,3.33,0.47,12.33,1.25,37.00,0.67,0.47,2.00,0.00
9,3,2.91,1.75,124.88,280.30,250628.00,0.32,0.51,649.00,676015.00
9,4,3.00,1.22,321.13,334.29,2569.00,0.25,0.43,2.00,0.00
9,5,2.92,1.69,132.31,319.55,263302.00,0.32,0.51,642.00,0.00
9,6,3.41,3.35,127.38,291.77,254245.00,0.33,0.51,649.00,43.00
9,7,4.33,5.08,123.48,287.91,251160.00,0.31,0.49,630.00,229545.00
9,8,2.99,2.02,120.02,280.47,238720.00,0.32,0.51,639.00,695759.00
9,9,3.22,2.71,129.22,297.58,258707.00,0.31,0.51,629.00,609511.00
9,10,3.40,3.17,122.11,267.53,243367.00,0.32,0.51,630.00,588537.00
9,11,3.24,2.52,107.47,249.89,230625.00,0.34,0.51,725.00,635415.00
9,12,3.19,2.37,117.92,296.08,234783.00,0.32,0.51,641.00,640081.00
9,13,3.10,1.84,133.07,291.64,267328.00,0.32,0.52,649.00,0.00
9,14,15.04,14.62,20.65,33.57,44533.00,0.26,0.45,554.00,66194.00
9,15,2.92,1.75,129.51,286.39,258636.00,0.33,0.53,659.00,718108.00
9,16,3.06,2.27,117.13,284.56,232973.00,0.31,0.50,615.00,693669.00
9,17,3.09,1.82,119.42,284.32,238364.00,0.32,0.51,644.00,0.00
9,18,3.16,2.07,132.62,341.19,266163.00,0.32,0.50,633.00,685408.00
9,19,13.22,14.66,19.80,31.33,42830.00,0.24,0.45,523.00,78030.00
9,20,3.19,2.07,121.74,278.12,242380.00,0.33,0.51,657.00,681843.00
9,21,3.27,2.62,123.85,291.66,247448.00,0.35,0.53,698.00,649768.00
9,22,3.04,2.01,107.83,264.36,222244.00,0.34,0.52,704.00,680423.00
9,23,3.30,2.60,127.48,311.31,254315.00,0.34,0.53,670.00,613112.00
9,24,3.08,1.84,125.43,283.33,249605.00,0.33,0.51,658.00,711003.00
9,25,3.08,2.33,117.96,282.09,234743.00,0.33,0.51,650.00,669402.00
9,26,3.30,2.40,129.48,289.26,267375.00,0.34,0.54,698.00,608861.00
9,27,11.59,14.66,19.85,33.09,42938.00,0.27,0.45,575.00,105831.00
9,28,3.24,2.47,129.95,313.93,260151.00,0.32,0.53,646.00,637280.00
9,29,3.25,2.73,130.72,307.25,268627.00,0.33,0.50,680.00,639294.00
9,30,3.52,3.22,153.64,345.66,307741.00,0.34,0.53,685.00,502363.00
9,31,3.45,2.75,116.82,262.29,233527.00,0.34,0.54,686.00,630348.00
9,32,3.09,2.30,124.73,273.57,249963.00,0.36,0.56,713.00,719478.00
9,33,3.44,3.15,123.95,315.65,245907.00,0.33,0.54,663.00,656398.00
9,34,3.37,2.82,93.09,215.74,201364.00,0.35,0.54,762.00,572109.00
9,35,3.81,3.84,143.39,341.16,287786.00,0.32,0.51,650.00,342276.00
10,1,2.96,1.87,125.25,346.66,239719.00,0.31,0.50,599.00,0.00
10,2,3.03,2.31,122.35,287.45,234297.00,0.34,0.51,648.00,700292.00
10,3,13.13,13.18,72.37,133.66,156391.00,0.24,0.43,511.00,69261.00
10,4,3.02,1.84,140.16,329.34,268543.00,0.33,0.54,639.00,0.00
10,5,3.54,3.32,74.58,182.49,160564.00,0.33,0.52,705.00,364887.00
10,6,3.26,2.88,126.40,314.95,242805.00,0.33,0.53,635.00,629243.00
10,7,3.10,2.33,65.29,161.89,141292.00,0.34,0.56,731.00,542593.00
10,8,2.97,2.13,120.74,272.77,230252.00,0.33,0.51,636.00,708211.00
10,9,3.06,2.22,119.45,275.02,229706.00,0.32,0.54,619.00,686147.00
10,10,3.05,1.89,139.62,348.77,266680.00,0.35,0.51,662.00,701076.00
10,11,5.66,7.33,16.85,32.43,36386.00,0.30,0.51,655.00,151730.00
10,12,3.05,1.82,112.06,233.64,214039.00,0.34,0.53,647.00,0.00
10,13,2.95,1.67,118.42,292.98,238500.00,0.33,0.51,674.00,0.00
10,14,3.21,2.66,121.71,269.90,232590.00,0.32,0.52,621.00,650463.00
10,15,2.83,1.70,129.06,317.31,248317.00,0.33,0.54,640.00,0.00
10,16,2.99,1.72,129.96,292.12,250036.00,0.34,0.55,654.00,0.00
10,17,2.97,1.75,120.68,304.51,231221.00,0.34,0.52,644.00,0.00
10,18,9.81,10.11,18.25,28.69,39244.00,0.26,0.48,549.00,91814.00
10,19,3.03,1.83,136.22,376.20,260581.00,0.33,0.53,628.00,0.00
10,20,3.04,1.79,119.65,284.28,228166.00,0.33,0.53,636.00,0.00
10,21,3.09,1.89,125.64,324.23,239596.00,0.34,0.53,640.00,0.00
10,22,3.07,2.29,136.52,383.03,260744.00,0.32,0.52,605.00,686204.00
10,23,4.33,2.87,357.67,250.14,1073.00,0.00,0.00,0.00,0.00
10,24,3.07,1.88,123.05,280.19,235390.00,0.34,0.52,657.00,0.00
10,25,3.17,2.13,110.84,278.59,211263.00,0.36,0.55,681.00,678307.00
10,26,3.03,1.93,129.68,314.48,249889.00,0.34,0.53,656.00,0.00
10,27,3.09,1.78,114.10,259.79,221248.00,0.34,0.54,665.00,0.00
10,28,3.03,1.85,133.62,366.75,255217.00,0.33,0.53,625.00,0.00
10,29,3.00,1.75,128.18,303.22,245330.00,0.32,0.51,606.00,0.00
10,30,3.17,1.81,114.26,303.30,218810.00,0.36,0.55,697.00,0.00
10,31,3.00,1.94,46.88,88.98,375.00,0.63,0.48,5.00,0.00
10,32,3.02,1.83,125.45,298.84,239113.00,0.31,0.54,586.00,0.00
10,33,4.33,0.47,190.00,127.20,570.00,0.33,0.47,1.00,0.00
10,34,3.10,1.84,116.89,313.60,222316.00,0.32,0.52,610.00,0.00
10,35,3.60,3.78,121.39,263.87,233436.00,0.34,0.53,654.00,630600.00
