iteration,sequential_get_request_avg,paired_events,unpaired_preprocessing,preprocessing_avg,rsp_engine_avg,query_count,out_of_order_count,out_of_order_percentage,total_preprocessing,total_webhooks
4,0.00,0,0,0.00,0.00,0,0,NaN,0,0
5,0.00,0,0,0.00,0.00,0,0,NaN,0,0
6,0.00,0,0,0.00,0.00,0,0,NaN,0,0
7,0.00,0,0,0.00,0.00,0,0,NaN,0,0
8,0.00,0,0,0.00,0.00,0,0,NaN,0,0
9,0.00,0,0,0.00,0.00,0,0,NaN,0,0
10,0.00,0,0,0.00,0.00,0,0,NaN,0,0
11,0.00,0,0,0.00,0.00,0,0,NaN,0,0
12,0.00,0,0,0.00,0.00,0,0,NaN,0,0
13,0.00,0,0,0.00,0.00,0,0,NaN,0,0
14,0.00,0,0,0.00,0.00,0,0,NaN,0,0
15,0.00,0,0,0.00,0.00,0,0,NaN,0,0
16,0.00,0,0,0.00,0.00,0,0,NaN,0,0
17,0.00,0,0,0.00,0.00,0,0,NaN,0,0
18,0.00,0,0,0.00,0.00,0,0,NaN,0,0
19,0.00,0,0,0.00,0.00,0,0,NaN,0,0
20,0.00,0,0,0.00,0.00,0,0,NaN,0,0
21,0.00,0,0,0.00,0.00,0,0,NaN,0,0
22,0.00,0,0,0.00,0.00,0,0,NaN,0,0
23,0.00,0,0,0.00,0.00,0,0,NaN,0,0
24,0.00,0,0,0.00,0.00,0,0,NaN,0,0
25,0.00,0,0,0.00,0.00,0,0,NaN,0,0
26,0.00,0,0,0.00,0.00,0,0,NaN,0,0
27,0.00,0,0,0.00,0.00,0,0,NaN,0,0
28,0.00,0,0,0.00,0.00,0,0,NaN,0,0
29,0.00,0,0,0.00,0.00,0,0,NaN,0,0
30,0.00,0,0,0.00,0.00,0,0,NaN,0,0
31,0.00,0,0,0.00,0.00,0,0,NaN,0,0
32,0.00,0,0,0.00,0.00,0,0,NaN,0,0