Clients,Iteration,Total_Events,Out_Of_Order_Events,Out_Of_Order_Percentage,Within_Delay_Count,Exceeds_Delay_Count,Exceeds_Delay_Percentage,Mean_Latency_ms,Min_Latency_ms,Max_Latency_ms,StdDev_Latency_ms,P50_Latency_ms,P75_Latency_ms,P90_Latency_ms,P95_Latency_ms,P99_Latency_ms
1,1,12828,99,0.77,99,0,0.00,1586.76,250.00,6264.00,1553.84,1002.00,2504.00,4259.00,4760.00,6264.00
1,2,12804,114,0.89,114,0,0.00,1701.99,249.00,8009.00,1753.96,1250.00,2254.00,4256.00,5257.00,7260.00
1,3,12810,163,1.27,163,0,0.00,1537.02,249.00,9524.00,1645.07,1001.00,2005.00,3506.00,5514.00,8271.00
1,4,12810,110,0.86,110,0,0.00,1596.50,250.00,6514.00,1417.01,1003.00,2256.00,3760.00,4511.00,5260.00
1,5,12810,112,0.87,112,0,0.00,1452.88,249.00,5509.00,1120.05,1251.00,2001.00,3003.00,3756.00,4758.00
1,6,12804,150,1.17,150,0,0.00,1267.04,250.00,9515.00,1599.23,751.00,1255.00,2754.00,4006.00,9015.00
1,7,12804,113,0.88,113,0,0.00,1254.66,249.00,4508.00,1049.16,1002.00,2003.00,2756.00,3259.00,4006.00
1,8,12804,130,1.02,130,0,0.00,1502.63,249.00,9014.00,1664.79,752.00,2003.00,3508.00,5012.00,7762.00
1,9,12804,103,0.80,103,0,0.00,1429.37,250.00,5759.00,1077.59,1252.00,2002.00,3006.00,3505.00,4256.00
1,10,12804,124,0.97,124,0,0.00,1593.31,249.00,7513.00,1533.79,1001.00,2256.00,3506.00,5006.00,6260.00
1,11,12804,116,0.91,116,0,0.00,1358.18,249.00,6259.00,1202.39,1001.00,2003.00,3253.00,3756.00,5262.00
1,12,12792,173,1.35,173,0,0.00,1331.92,250.00,10272.00,1517.55,751.00,1505.00,3506.00,4507.00,6263.00
1,13,12804,128,1.00,128,0,0.00,1142.43,249.00,4757.00,987.13,752.00,1752.00,2504.00,3005.00,4256.00
1,14,12804,149,1.16,149,0,0.00,1326.21,250.00,5257.00,1160.77,1001.00,2002.00,3253.00,3508.00,5008.00
1,15,12810,122,0.95,122,0,0.00,1348.14,249.00,7508.00,1288.25,751.00,2004.00,3001.00,4007.00,4760.00
1,16,12804,106,0.83,106,0,0.00,1471.92,249.00,6261.00,1463.59,1001.00,2006.00,3760.00,5258.00,5761.00
1,17,12804,125,0.98,125,0,0.00,1332.11,249.00,8263.00,1292.88,752.00,1753.00,3254.00,3756.00,5257.00
1,18,12810,141,1.10,141,0,0.00,1654.99,249.00,7264.00,1595.03,1250.00,2253.00,4007.00,4759.00,6511.00
1,19,12804,110,0.86,110,0,0.00,1304.62,249.00,5761.00,1159.90,753.00,1754.00,3005.00,3757.00,4508.00
1,20,12810,161,1.26,161,0,0.00,1062.42,250.00,6262.00,1027.41,750.00,1256.00,2502.00,3251.00,4760.00
1,21,12792,167,1.31,167,0,0.00,1357.95,249.00,6510.00,1433.97,751.00,1751.00,3753.00,4755.00,6260.00
1,22,12804,128,1.00,128,0,0.00,1301.01,249.00,5508.00,1219.85,751.00,2002.00,3007.00,4007.00,5260.00
1,23,12804,121,0.95,121,0,0.00,1436.29,249.00,6011.00,1418.22,1001.00,1753.00,3258.00,5009.00,5761.00
1,24,12804,119,0.93,119,0,0.00,1483.51,249.00,6510.00,1468.74,752.00,2003.00,3507.00,4757.00,6011.00
1,25,12798,134,1.05,134,0,0.00,1316.96,249.00,7260.00,1288.90,752.00,1752.00,2756.00,4005.00,6509.00
1,26,12798,117,0.91,117,0,0.00,1904.33,249.00,10516.00,2029.55,1252.00,2254.00,4258.00,7011.00,9014.00
1,27,12804,163,1.27,163,0,0.00,1213.50,249.00,6510.00,1168.80,751.00,1752.00,2757.00,3756.00,4509.00
1,28,12804,115,0.90,115,0,0.00,1546.77,249.00,7004.00,1545.90,999.00,2250.00,3752.00,5254.00,6256.00
1,29,12810,147,1.15,147,0,0.00,1418.99,249.00,6262.00,1398.34,752.00,1754.00,3756.00,4508.00,5511.00
1,30,12804,176,1.37,176,0,0.00,1479.35,249.00,10012.00,1750.20,750.00,1754.00,4009.00,5505.00,7759.00
1,31,12804,139,1.09,139,0,0.00,1215.98,249.00,5008.00,1083.27,751.00,1753.00,2507.00,3507.00,5008.00
1,32,12804,134,1.05,134,0,0.00,1894.79,249.00,8518.00,2010.43,1250.00,2754.00,5005.00,7009.00,8518.00
1,33,12804,118,0.92,118,0,0.00,1139.51,249.00,5760.00,1065.35,751.00,1504.00,2505.00,3507.00,5258.00
1,34,12804,140,1.09,140,0,0.00,1239.22,249.00,8013.00,1401.48,502.00,1750.00,2754.00,4003.00,7010.00
1,35,12804,101,0.79,101,0,0.00,1571.92,250.00,6760.00,1403.48,1251.00,2005.00,3503.00,4506.00,6511.00
2,1,20820,566,2.72,554,12,2.12,7057.70,249.00,50855.00,8392.25,3509.00,10272.00,19286.00,25295.00,34568.00
2,2,18732,440,2.35,428,12,2.73,8075.78,249.00,53605.00,8951.95,4763.00,10770.00,21293.00,26554.00,39324.00
2,3,19620,498,2.54,478,20,4.02,8171.67,249.00,55594.00,9299.80,4258.00,12021.00,21026.00,28541.00,41322.00
2,4,22320,700,3.14,685,15,2.14,6030.30,249.00,44320.00,7403.54,2755.00,8522.00,15785.00,21524.00,36061.00
2,5,18480,435,2.35,429,6,1.38,7902.79,250.00,50346.00,8157.27,5008.00,11541.00,19800.00,25557.00,31564.00
2,6,17910,434,2.42,417,17,3.92,7849.77,249.00,45572.00,8605.91,4507.00,11015.00,20529.00,27540.00,34299.00
2,7,17334,432,2.49,422,10,2.31,8146.56,249.00,40814.00,8335.80,5007.00,12766.00,20528.00,24787.00,33304.00
2,8,18198,431,2.37,418,13,3.02,8544.50,244.00,49074.00,8674.25,5751.00,13020.00,20778.00,27545.00,36306.00
2,9,17640,455,2.58,441,14,3.08,7998.95,250.00,46078.00,8263.90,5008.00,11521.00,19786.00,25790.00,36304.00
2,10,18504,442,2.39,428,14,3.17,7829.78,249.00,54093.00,8753.06,5259.00,10268.00,18532.00,25039.00,41822.00
2,11,23028,712,3.09,702,10,1.40,6549.39,249.00,42306.00,7285.62,3755.00,9012.00,17275.00,23529.00,31289.00
2,12,17376,450,2.59,440,10,2.22,7881.61,249.00,48319.00,8342.00,5005.00,11518.00,20025.00,24788.00,34795.00
2,13,21216,572,2.70,559,13,2.27,6597.76,249.00,38327.00,7828.90,3255.00,9516.00,18288.00,23799.00,32549.00
2,14,19092,462,2.42,446,16,3.46,7954.23,249.00,40062.00,8540.66,4511.00,12018.00,21034.00,27041.00,35555.00
2,15,18540,446,2.41,436,10,2.24,7262.79,250.00,36827.00,7544.49,5009.00,10272.00,17541.00,23802.00,33321.00
2,16,17964,436,2.43,420,16,3.67,8807.15,249.00,48320.00,9397.81,5506.00,12515.00,21777.00,26784.00,43810.00
2,17,18816,434,2.31,419,15,3.46,8204.48,249.00,50326.00,8787.13,4760.00,11269.00,22035.00,27044.00,35803.00
2,18,19662,466,2.37,453,13,2.79,8180.87,246.00,45565.00,8848.61,4507.00,12515.00,22282.00,25538.00,39807.00
2,19,19116,450,2.35,440,10,2.22,8163.05,250.00,43563.00,8167.17,5508.00,12270.00,21024.00,25037.00,33798.00
2,20,22086,661,2.99,642,19,2.87,6596.15,249.00,46570.00,8230.40,3505.00,8762.00,16530.00,25289.00,39807.00
2,21,19392,461,2.38,447,14,3.04,8045.26,249.00,45834.00,8644.89,4759.00,11518.00,20781.00,25040.00,36817.00
2,22,17370,441,2.54,431,10,2.27,7930.97,249.00,44568.00,8423.93,4759.00,11520.00,20528.00,25790.00,33554.00
2,23,24852,891,3.59,858,33,3.70,7895.66,249.00,55089.00,8765.36,4756.00,11520.00,19523.00,26792.00,38814.00
2,24,19116,434,2.27,421,13,3.00,8565.19,250.00,40821.00,8579.58,5756.00,12523.00,22039.00,26296.00,38810.00
2,25,21414,582,2.72,563,19,3.26,7445.13,250.00,51587.00,8549.32,4008.00,10022.00,20030.00,25789.00,36307.00
2,26,21150,577,2.73,567,10,1.73,6512.28,249.00,46842.00,7609.97,3260.00,9268.00,17782.00,23047.00,32805.00
2,27,17352,442,2.55,421,21,4.75,8363.00,249.00,43556.00,9262.45,5006.00,12017.00,22780.00,29538.00,39053.00
2,28,19662,489,2.49,479,10,2.04,7154.26,249.00,48312.00,7877.37,4006.00,11018.00,18518.00,23027.00,36294.00
2,29,17634,420,2.38,407,13,3.10,8274.90,249.00,45811.00,8344.10,5505.00,12508.00,20534.00,26028.00,34787.00
2,30,18504,445,2.40,429,16,3.60,7863.85,249.00,43562.00,8631.56,4756.00,10771.00,20023.00,26538.00,35552.00
2,31,17934,466,2.60,449,17,3.65,7757.58,250.00,47566.00,8637.02,4010.00,11261.00,21030.00,27043.00,36298.00
2,32,17334,443,2.56,431,12,2.71,7888.46,249.00,36293.00,7999.91,5005.00,12523.00,19021.00,25279.00,32039.00
2,33,18210,430,2.36,410,20,4.65,8529.91,248.00,45061.00,9313.28,4759.00,13018.00,22528.00,28535.00,38799.00
2,34,19050,465,2.44,454,11,2.37,8036.02,249.00,46070.00,8287.40,5009.00,12266.00,19780.00,25038.00,37304.00
2,35,18474,436,2.36,413,23,5.28,8645.86,246.00,50330.00,9634.16,4758.00,12521.00,21537.00,30551.00,40315.00
3,1,21504,619,2.88,538,81,13.09,12777.27,249.00,62101.00,13143.15,7763.00,19283.00,32544.00,40817.00,54592.00
3,2,22824,615,2.69,534,81,13.17,12600.47,249.00,63838.00,13206.67,8009.00,18768.00,33558.00,41055.00,58334.00
3,3,24414,756,3.10,670,86,11.38,10676.11,249.00,67868.00,13370.07,4761.00,14771.00,31556.00,40580.00,54344.00
3,4,25362,739,2.91,657,82,11.10,11411.55,249.00,68839.00,13730.73,5756.00,17274.00,31789.00,41049.00,60076.00
3,5,23874,686,2.87,615,71,10.35,11457.97,249.00,77116.00,13546.63,6014.00,16521.00,30532.00,41317.00,59589.00
3,6,36222,1623,4.48,1440,183,11.28,12378.43,248.00,82147.00,13924.57,7514.00,17528.00,32312.00,42338.00,60357.00
3,7,23478,653,2.78,575,78,11.94,12379.98,245.00,74104.00,13457.75,8006.00,17771.00,32791.00,40309.00,54575.00
3,8,21834,598,2.74,516,82,13.71,13592.26,250.00,78599.00,13945.46,8511.00,21023.00,33293.00,41551.00,60828.00
3,9,36978,1672,4.52,1478,194,11.60,12525.37,243.00,80368.00,13439.00,7764.00,18275.00,32796.00,40803.00,58081.00
3,10,24618,728,2.96,647,81,11.13,10929.95,250.00,71589.00,13270.14,5005.00,17270.00,31791.00,40551.00,51562.00
3,11,22914,613,2.68,545,68,11.09,12612.85,249.00,64338.00,12881.10,8016.00,18276.00,31048.00,39294.00,54070.00
3,12,24378,685,2.81,608,77,11.24,11861.71,249.00,75679.00,13937.46,6012.00,18292.00,31073.00,39848.00,62400.00
3,13,22578,579,2.56,508,71,12.26,12982.84,250.00,68109.00,13609.37,8262.00,18286.00,34301.00,42819.00,56591.00
3,14,24132,633,2.62,557,76,12.01,12251.55,249.00,59346.00,13468.86,6755.00,18274.00,33291.00,42567.00,55589.00
3,15,25848,777,3.01,715,62,7.98,9981.58,249.00,69350.00,11935.64,5009.00,14524.00,27794.00,35803.00,51821.00
3,16,21564,575,2.67,503,72,12.52,13382.56,248.00,78115.00,13552.03,9263.00,19028.00,32798.00,41807.00,57584.00
3,17,23262,630,2.71,556,74,11.75,12715.21,249.00,71116.00,13672.68,8010.00,19050.00,32827.00,41576.00,52341.00
3,18,22104,583,2.64,513,70,12.01,13090.63,249.00,67593.00,13680.09,7755.00,20269.00,33562.00,42801.00,56333.00
3,19,36798,1664,4.52,1488,176,10.58,11809.85,248.00,67598.00,12544.96,7007.00,17019.00,30546.00,38050.00,51574.00
3,20,22566,593,2.63,515,78,13.15,13235.36,249.00,69365.00,13887.95,8013.00,20031.00,33813.00,42570.00,59093.00
3,21,34542,1490,4.31,1346,144,9.66,11534.78,249.00,70640.00,12480.78,7013.00,16784.00,28559.00,38829.00,53857.00
3,22,23106,583,2.52,510,73,12.52,13102.19,249.00,73103.00,13251.37,8510.00,19275.00,32795.00,41056.00,55329.00
3,23,21930,599,2.73,512,87,14.52,13671.54,249.00,66091.00,14374.92,8252.00,21020.00,35297.00,45568.00,60086.00
3,24,23694,679,2.87,610,69,10.16,11644.67,249.00,67100.00,12760.10,6759.00,17277.00,30292.00,38300.00,53827.00
3,25,25710,776,3.02,701,75,9.66,10762.60,248.00,82651.00,13052.18,5012.00,16275.00,29058.00,39329.00,57107.00
3,26,24186,671,2.77,599,72,10.73,11306.07,245.00,60330.00,12444.03,6510.00,17270.00,30539.00,37047.00,56325.00
3,27,22932,628,2.74,556,72,11.46,12734.48,249.00,74879.00,13984.90,8266.00,18790.00,33301.00,40574.00,63362.00
3,28,30558,1147,3.75,1070,77,6.71,9359.93,249.00,67094.00,11149.39,5255.00,13522.00,24036.00,32796.00,51072.00
3,29,35382,1571,4.44,1413,158,10.06,11587.04,249.00,84640.00,12794.68,6507.00,17037.00,30053.00,39078.00,55100.00
3,30,22224,597,2.69,529,68,11.39,13039.02,250.00,68344.00,13238.98,8511.00,19525.00,32789.00,40548.00,58828.00
3,31,24024,683,2.84,609,74,10.83,11790.23,249.00,63087.00,13152.93,6763.00,18270.00,31541.00,39552.00,55579.00
3,32,35844,1632,4.55,1444,188,11.52,11727.15,248.00,67849.00,13234.56,6262.00,17022.00,31554.00,41816.00,53328.00
3,33,24552,688,2.80,620,68,9.88,11643.09,249.00,65848.00,12875.10,6258.00,18533.00,29552.00,37549.00,55330.00
3,34,23220,659,2.84,587,72,10.93,12141.93,249.00,69091.00,13278.77,7262.00,17527.00,32035.00,40050.00,57579.00
3,35,24936,732,2.94,636,96,13.11,11308.49,249.00,70400.00,13798.05,5514.00,16274.00,32076.00,42590.00,55878.00
4,1,47364,2406,5.08,1911,495,20.57,16554.75,249.00,85372.00,17454.90,10012.00,25036.00,44816.00,53575.00,69605.00
4,2,26976,812,3.01,686,126,15.52,13820.47,249.00,80103.00,16252.81,6760.00,21522.00,39801.00,49572.00,62584.00
4,3,48774,2513,5.15,2015,498,19.82,16492.19,249.00,104220.00,17109.68,10765.00,25821.00,41354.00,52122.00,70906.00
4,4,27804,844,3.04,714,130,15.40,14176.04,249.00,98423.00,17320.51,7008.00,20527.00,38577.00,52343.00,74376.00
4,5,48084,2447,5.09,1958,489,19.98,16293.93,249.00,91888.00,17175.30,10016.00,24291.00,41309.00,51840.00,70358.00
4,6,44550,2210,4.96,1855,355,16.06,14555.25,249.00,92376.00,16278.20,8514.00,21028.00,37802.00,51825.00,66597.00
4,7,38382,1720,4.48,1535,185,10.76,11776.15,249.00,92408.00,14619.19,6506.00,16023.00,31292.00,43565.00,66870.00
4,8,49158,2545,5.18,2050,495,19.45,16328.80,249.00,80643.00,16497.66,11015.00,24299.00,41562.00,52092.00,67610.00
4,9,27186,835,3.07,701,134,16.05,13886.14,249.00,83136.00,16150.01,7509.00,22047.00,37825.00,46834.00,66372.00
4,10,30792,1102,3.58,970,132,11.98,11276.42,249.00,83113.00,15017.90,4006.00,16771.00,33548.00,46069.00,64591.00
4,11,28470,881,3.09,740,141,16.00,13421.75,249.00,72849.00,15953.43,6008.00,20527.00,38809.00,48825.00,61082.00
4,12,26286,770,2.93,641,129,16.75,14352.39,249.00,77394.00,15953.97,8273.00,21538.00,38324.00,48345.00,62886.00
4,13,29688,955,3.22,825,130,13.61,12245.21,249.00,84358.00,14997.11,5252.00,18770.00,34556.00,43809.00,62590.00
4,14,27150,783,2.88,634,149,19.03,15310.72,249.00,91634.00,17179.91,9011.00,23277.00,41313.00,51321.00,72852.00
4,15,30330,1022,3.37,877,145,14.19,12090.52,249.00,85857.00,15678.95,4504.00,19017.00,36046.00,46309.00,65077.00
4,16,28146,855,3.04,723,132,15.44,13806.06,249.00,95377.00,16278.73,6508.00,21032.00,37299.00,48062.00,68093.00
4,17,48006,2382,4.96,1955,427,17.93,15883.27,249.00,98924.00,17146.73,9523.00,22791.00,40090.00,52604.00,73135.00
4,18,29712,951,3.20,808,143,15.04,12606.14,249.00,83877.00,16402.07,5010.00,18779.00,37305.00,47076.00,72360.00
4,19,26850,775,2.89,631,144,18.58,15659.25,249.00,88397.00,17657.35,8766.00,24539.00,41325.00,53594.00,74881.00
4,20,38028,1617,4.25,1449,168,10.39,11415.27,250.00,87131.00,13925.89,5760.00,16019.00,31043.00,41072.00,60597.00
4,21,28176,874,3.10,728,146,16.70,13808.77,249.00,78861.00,16809.25,6509.00,21528.00,39550.00,50821.00,70849.00
4,22,33960,1279,3.77,1119,160,12.51,11338.59,249.00,85627.00,14978.73,5008.00,15019.00,33538.00,44071.00,68093.00
4,23,28836,891,3.09,747,144,16.16,13471.60,249.00,85873.00,16824.06,5765.00,19778.00,39804.00,48579.00,70103.00
4,24,46878,2299,4.90,1888,411,17.88,15712.34,247.00,84927.00,16581.74,10019.00,22796.00,40586.00,50611.00,67150.00
4,25,48408,2528,5.22,2063,465,18.39,15734.19,249.00,84637.00,16667.20,9262.00,24021.00,39811.00,51323.00,69599.00
4,26,35928,1513,4.21,1346,167,11.04,10777.54,242.00,80358.00,13682.21,5004.00,15023.00,31538.00,41059.00,59584.00
4,27,30276,1009,3.33,874,135,13.38,11695.57,249.00,85636.00,15329.10,4508.00,17527.00,35558.00,44831.00,62847.00
4,28,28026,831,2.97,687,144,17.33,13766.89,249.00,76600.00,16127.28,6763.00,22033.00,38558.00,45314.00,66085.00
4,29,45738,2224,4.86,1859,365,16.41,14759.03,249.00,80384.00,15703.95,8770.00,22026.00,38808.00,47838.00,62863.00
4,30,48150,2476,5.14,2016,460,18.58,15727.71,249.00,83864.00,17041.88,9261.00,23536.00,43316.00,52327.00,69846.00
4,31,46608,2342,5.02,1911,431,18.40,15607.09,249.00,89382.00,17422.96,9017.00,22778.00,40809.00,52333.00,74359.00
4,32,48996,2600,5.31,2142,458,17.62,15668.16,249.00,89120.00,16594.29,9515.00,24036.00,39797.00,51068.00,69342.00
4,33,27690,857,3.09,739,118,13.77,12885.07,249.00,81624.00,15397.84,7010.00,18524.00,36307.00,47569.00,64602.00
4,34,47538,2445,5.14,2035,410,16.77,15137.91,248.00,80884.00,16035.03,9016.00,23291.00,38553.00,50078.00,67355.00
4,35,28110,867,3.08,737,130,14.99,13335.91,249.00,77107.00,15776.87,6759.00,20278.00,39304.00,47565.00,63339.00
5,1,45606,2141,4.69,1872,269,12.56,12704.33,249.00,96646.00,15590.54,6508.00,17278.00,34061.00,47577.00,72112.00
5,2,37008,1536,4.15,1334,202,13.15,12098.26,249.00,93629.00,16737.82,4505.00,15766.00,35551.00,49574.00,75350.00
5,3,30870,1036,3.36,847,189,18.24,13932.12,249.00,90400.00,17814.10,4758.00,21784.00,40556.00,56330.00,69364.00
5,4,35070,1369,3.90,1207,162,11.83,11285.84,249.00,90124.00,15893.17,4507.00,13518.00,33547.00,48821.00,71350.00
5,5,31458,996,3.17,812,184,18.47,14884.06,249.00,95657.00,19011.67,6258.00,21526.00,46324.00,55837.00,78882.00
5,6,49110,2512,5.12,2124,388,15.45,14626.59,249.00,91125.00,16524.87,8765.00,20529.00,38546.00,52070.00,70852.00
5,7,33228,1237,3.72,1077,160,12.93,11744.03,249.00,107692.00,15964.71,4010.00,16521.00,35551.00,47340.00,67361.00
5,8,50994,2708,5.31,2226,482,17.80,15932.74,249.00,108644.00,18638.26,8516.00,23032.00,42816.00,56839.00,78863.00
5,9,58740,3254,5.54,2493,761,23.39,18400.13,249.00,96891.00,19773.29,11011.00,28552.00,47815.00,61584.00,79870.00
5,10,31164,1126,3.61,947,179,15.90,13324.64,249.00,101905.00,17677.75,4257.00,20790.00,39566.00,52582.00,72115.00
5,11,40434,1676,4.15,1466,210,12.53,11927.30,249.00,89370.00,15375.57,5256.00,16272.00,33045.00,45311.00,69840.00
5,12,61158,3484,5.70,2707,777,22.30,18241.80,249.00,104205.00,19616.23,11020.00,27793.00,47844.00,59881.00,81159.00
5,13,36222,1438,3.97,1262,176,12.24,10875.53,249.00,96141.00,15409.69,4005.00,13766.00,33802.00,47318.00,64594.00
5,14,33642,1164,3.46,982,182,15.64,13403.41,249.00,94644.00,17594.64,5505.00,19020.00,40064.00,51828.00,74618.00
5,15,39252,1606,4.09,1427,179,11.15,11457.75,249.00,97126.00,15623.11,5008.00,13765.00,31788.00,46561.00,73591.00
5,16,50688,2672,5.27,2238,434,16.24,14663.60,249.00,96121.00,17269.56,7511.00,21280.00,39553.00,53811.00,73091.00
5,17,57762,3263,5.65,2578,685,20.99,16907.80,249.00,104665.00,18602.32,9267.00,25794.00,44822.00,57096.00,76623.00
5,18,35316,1396,3.95,1216,180,12.89,11651.41,249.00,86105.00,16815.46,4001.00,14026.00,37056.00,51818.00,74841.00
5,19,31122,1039,3.34,857,182,17.52,13863.21,249.00,99882.00,17618.48,5510.00,20780.00,40798.00,53819.00,71338.00
5,20,38730,1715,4.43,1540,175,10.20,10593.67,249.00,95137.00,15265.50,4007.00,13025.00,30536.00,44558.00,72354.00
5,21,32196,1122,3.48,944,178,15.86,12864.77,249.00,89632.00,17011.39,4250.00,20028.00,38808.00,49314.00,72601.00
5,22,52014,2667,5.13,2152,515,19.31,16335.70,249.00,102643.00,17750.23,9016.00,25288.00,43554.00,53820.00,73349.00
5,23,33654,1192,3.54,1031,161,13.51,12350.78,249.00,91134.00,17130.89,4254.00,17531.00,38552.00,48576.00,77860.00
5,24,59616,3366,5.65,2677,689,20.47,17422.75,249.00,101926.00,18570.25,10268.00,26038.00,46325.00,55604.00,76129.00
5,25,35316,1400,3.96,1219,181,12.93,11248.70,250.00,90890.00,16763.22,3755.00,14023.00,35314.00,49587.00,73622.00
5,26,59232,3157,5.33,2437,720,22.81,18358.94,249.00,99392.00,18734.26,11521.00,27285.00,46566.00,58081.00,77859.00
5,27,36516,1445,3.96,1254,191,13.22,11723.83,250.00,91141.00,16938.46,4252.00,14284.00,36062.00,50575.00,74364.00
5,28,60570,3421,5.65,2650,771,22.54,18520.67,249.00,90139.00,19318.63,11276.00,27292.00,48822.00,58840.00,76619.00
5,29,55104,2895,5.25,2314,581,20.07,16973.44,249.00,106644.00,18328.43,10263.00,25530.00,42810.00,57074.00,78604.00
5,30,32982,1220,3.70,1050,170,13.93,11970.67,248.00,98134.00,17466.23,2753.00,17519.00,37552.00,52816.00,72099.00
5,31,50466,2602,5.16,2164,438,16.83,15033.00,249.00,101648.00,16876.24,8260.00,22543.00,39062.00,50815.00,72607.00
5,32,39012,1666,4.27,1462,204,12.24,11581.98,249.00,87918.00,16042.82,4510.00,14532.00,33820.00,49591.00,74899.00
5,33,56046,3082,5.50,2454,628,20.38,17380.19,247.00,95920.00,18719.83,11012.00,25806.00,45069.00,58844.00,78121.00
5,34,61176,3472,5.68,2627,845,24.34,18515.29,249.00,98632.00,19140.75,11266.00,29531.00,45310.00,58584.00,79351.00
5,35,32808,1241,3.78,1078,163,13.13,11357.34,249.00,84395.00,16273.81,3252.00,16783.00,36065.00,48588.00,68376.00
6,1,38604,1577,4.09,1358,219,13.89,11864.57,249.00,100652.00,17116.25,3754.00,15021.00,36308.00,51831.00,75869.00
6,2,63162,3677,5.82,2849,828,22.52,18073.66,249.00,116652.00,19960.86,10768.00,26785.00,47067.00,61582.00,81355.00
6,3,70908,4240,5.98,3123,1117,26.34,20306.50,249.00,108142.00,21245.13,12761.00,31538.00,52069.00,65329.00,82606.00
6,4,65406,3795,5.80,2912,883,23.27,18895.87,246.00,108955.00,20848.50,10768.00,28556.00,49102.00,62377.00,94682.00
6,5,64440,3525,5.47,2601,924,26.21,19651.48,249.00,117934.00,20033.91,12769.00,31046.00,47077.00,59597.00,84642.00
6,6,68010,3947,5.80,2927,1020,25.84,19810.63,249.00,106453.00,20797.52,12278.00,30548.00,51110.00,62860.00,88673.00
6,7,43302,1901,4.39,1666,235,12.36,12276.02,249.00,103911.00,16990.19,5507.00,15023.00,35554.00,52328.00,73614.00
6,8,69258,4152,5.99,3209,943,22.71,18622.13,249.00,105399.00,20270.24,11510.00,27550.00,47817.00,63584.00,82367.00
6,9,72924,4440,6.09,3260,1180,26.58,21261.14,249.00,110895.00,22424.57,13014.00,32043.00,55819.00,68837.00,90612.00
6,10,69828,4013,5.75,2957,1056,26.31,20610.10,249.00,101905.00,21659.99,12515.00,31039.00,54091.00,67109.00,88139.00
6,11,45840,2050,4.47,1781,269,13.12,12830.97,249.00,97383.00,16445.92,6507.00,17274.00,35550.00,50814.00,70846.00
6,12,38580,1592,4.13,1373,219,13.76,11910.32,248.00,96634.00,17099.30,3251.00,15514.00,38810.00,52073.00,72104.00
6,13,67830,4060,5.99,3076,984,24.24,19787.02,249.00,104155.00,21547.44,11519.00,29290.00,53342.00,66106.00,89635.00
6,14,69366,4108,5.92,3021,1087,26.46,20504.69,249.00,118170.00,21118.26,13270.00,31045.00,53072.00,64600.00,84130.00
6,15,72666,4235,5.83,3046,1189,28.08,21825.83,249.00,103652.00,21883.92,14770.00,34049.00,54829.00,67091.00,89379.00
6,16,72756,4390,6.03,3214,1176,26.79,20892.45,247.00,118701.00,22305.83,12772.00,31813.00,55098.00,68381.00,90917.00
6,17,71112,4143,5.83,2940,1203,29.04,21809.72,249.00,112706.00,21583.28,15282.00,33566.00,53597.00,66619.00,85662.00
6,18,71376,4172,5.85,3041,1131,27.11,20124.87,249.00,101145.00,20431.01,12519.00,31789.00,51077.00,64089.00,79357.00
6,19,69636,4082,5.86,3117,965,23.64,18948.41,249.00,108399.00,19714.28,11525.00,28542.00,48320.00,60088.00,83119.00
6,20,72696,4396,6.05,3250,1146,26.07,19924.86,249.00,108185.00,20592.73,12515.00,31317.00,50595.00,61358.00,84649.00
6,21,40284,1718,4.26,1495,223,12.98,12224.13,249.00,107928.00,17602.38,4511.00,15022.00,36818.00,54094.00,79139.00
6,22,53718,2769,5.15,2285,484,17.48,16012.95,249.00,108661.00,18588.18,8517.00,23277.00,42831.00,56095.00,81364.00
6,23,66114,3807,5.76,2800,1007,26.45,20044.80,249.00,110159.00,21907.54,11516.00,31289.00,52826.00,66092.00,88129.00
6,24,59718,3257,5.45,2537,720,22.11,17866.84,249.00,107393.00,20144.44,9763.00,27034.00,47819.00,61086.00,82616.00
6,25,38160,1482,3.88,1265,217,14.64,12815.10,249.00,109416.00,18101.43,5008.00,17020.00,40317.00,54334.00,79106.00
6,26,73134,4448,6.08,3298,1150,25.85,20105.72,247.00,99129.00,20904.05,12766.00,30542.00,51316.00,65086.00,86866.00
6,27,72924,4396,6.03,3226,1170,26.62,20606.23,249.00,105686.00,20885.47,13022.00,31314.00,52096.00,62629.00,85409.00
6,28,72792,4382,6.02,3178,1204,27.48,21201.61,249.00,113906.00,22100.12,13515.00,32040.00,53572.00,66588.00,93374.00
6,29,73272,4405,6.01,3176,1229,27.90,20910.41,249.00,95379.00,20741.75,13768.00,33040.00,52813.00,63832.00,82858.00
6,30,34902,1292,3.70,1062,230,17.80,14199.18,250.00,102369.00,19974.84,3753.00,19769.00,46291.00,60316.00,82603.00
6,31,50988,2627,5.15,2239,388,14.77,13900.30,249.00,97376.00,17487.65,6512.00,20523.00,38052.00,52320.00,76095.00
6,32,69510,4054,5.83,2982,1072,26.44,20519.64,249.00,110134.00,20061.32,14772.00,31033.00,49561.00,62583.00,82348.00
6,33,67416,3926,5.82,2933,993,25.29,19386.39,247.00,104416.00,20252.74,11766.00,30551.00,50835.00,61361.00,81889.00
6,34,72210,4313,5.97,3081,1232,28.56,20812.48,249.00,106140.00,21015.75,13021.00,33290.00,50069.00,61831.00,92372.00
6,35,54810,2774,5.06,2286,488,17.59,15485.62,249.00,109397.00,17995.99,8759.00,21779.00,42313.00,54324.00,78615.00
7,1,83574,5294,6.33,3762,1532,28.94,22082.49,249.00,113401.00,23274.29,13021.00,34549.00,57335.00,70853.00,94878.00
7,2,76380,4635,6.07,3388,1247,26.90,20731.67,249.00,117665.00,22140.36,11519.00,32039.00,54324.00,66593.00,91128.00
7,3,72480,4289,5.92,3251,1038,24.20,19580.04,249.00,108673.00,20751.86,12279.00,29287.00,48077.00,62866.00,89401.00
7,4,63522,3521,5.54,2874,647,18.38,16970.48,249.00,109630.00,19235.61,9762.00,24026.00,45559.00,57570.00,83099.00
7,5,84648,5333,6.30,3779,1554,29.14,22405.89,249.00,110432.00,23102.65,13529.00,34298.00,56085.00,70609.00,96914.00
7,6,70002,4138,5.91,3100,1038,25.08,20052.79,249.00,113176.00,22271.90,11269.00,30049.00,56591.00,67366.00,91400.00
7,7,79644,4872,6.12,3463,1409,28.92,21683.63,249.00,107643.00,21671.30,14521.00,33544.00,53574.00,67589.00,86862.00
7,8,64230,3618,5.63,2834,784,21.67,17853.06,249.00,116156.00,20106.52,10269.00,27036.00,46808.00,61576.00,82114.00
7,9,85152,5254,6.17,3681,1573,29.94,22230.85,249.00,111145.00,21742.08,15264.00,34807.00,54575.00,67096.00,85368.00
7,10,51978,2672,5.14,2322,350,13.10,12418.32,249.00,106162.00,16433.16,5508.00,16769.00,35311.00,46809.00,75352.00
7,11,45174,2170,4.80,1906,264,12.17,11475.43,249.00,100635.00,17176.91,4257.00,13511.00,34050.00,51571.00,80611.00
7,12,69486,4014,5.78,2987,1027,25.59,19776.81,249.00,113426.00,22040.58,10770.00,30801.00,53083.00,67610.00,90645.00
7,13,83832,5288,6.31,3677,1611,30.47,22724.21,249.00,117404.00,23104.94,14021.00,35045.00,58571.00,70339.00,94379.00
7,14,84354,5194,6.16,3607,1587,30.55,21899.51,249.00,110399.00,21828.92,14021.00,34544.00,54322.00,66844.00,85621.00
7,15,65778,3730,5.67,2858,872,23.38,18259.04,249.00,107412.00,20275.44,10017.00,28046.00,47824.00,62093.00,84379.00
7,16,81660,5039,6.17,3592,1447,28.72,21191.11,247.00,107909.00,21160.11,14029.00,33301.00,52580.00,64348.00,87885.00
7,17,54090,2802,5.18,2404,398,14.20,14155.46,249.00,116150.00,18030.26,7508.00,18520.00,37563.00,53063.00,85361.00
7,18,84966,5318,6.26,3781,1537,28.90,21674.60,248.00,105895.00,21224.14,14518.00,33298.00,53318.00,65832.00,85112.00
7,19,80058,4911,6.13,3571,1340,27.29,21559.23,248.00,104885.00,21644.48,14262.00,33043.00,53316.00,68839.00,87362.00
7,20,85452,5408,6.33,3840,1568,28.99,22316.91,249.00,111638.00,22366.20,15268.00,34050.00,55818.00,68579.00,90861.00
7,21,85248,5449,6.39,3989,1460,26.79,21730.66,248.00,120938.00,23100.27,13781.00,31317.00,55094.00,70125.00,94909.00
7,22,86226,5478,6.35,3812,1666,30.41,22457.72,249.00,125664.00,22466.33,15020.00,34045.00,56814.00,69601.00,91378.00
7,23,84744,5285,6.24,3695,1590,30.09,22896.55,247.00,113397.00,23635.80,14018.00,35044.00,60576.00,72595.00,94877.00
7,24,82128,5124,6.24,3657,1467,28.63,22058.09,249.00,114903.00,22206.26,14521.00,34046.00,55329.00,69840.00,91374.00
7,25,82278,5172,6.29,3742,1430,27.65,21096.58,248.00,107128.00,21722.58,13269.00,32293.00,53319.00,69085.00,87353.00
7,26,74502,4593,6.16,3363,1230,26.78,20429.97,249.00,113638.00,22284.53,11510.00,32301.00,55562.00,65840.00,88859.00
7,27,69462,4045,5.82,3022,1023,25.29,19548.82,249.00,108897.00,21605.04,11265.00,30039.00,52321.00,66848.00,87618.00
7,28,84138,5208,6.19,3630,1578,30.30,22792.65,249.00,110403.00,22571.97,15771.00,36056.00,56069.00,68086.00,91376.00
7,29,81954,5121,6.25,3668,1453,28.37,21763.08,249.00,105655.00,22630.75,13264.00,33541.00,56842.00,68609.00,92645.00
7,30,50310,2531,5.03,2212,319,12.60,12312.39,249.00,105142.00,16922.71,5259.00,15521.00,34800.00,49565.00,79603.00
7,31,69324,4098,5.91,3117,981,23.94,19050.29,249.00,112909.00,21362.57,10264.00,28539.00,50831.00,65086.00,87377.00
7,32,43254,1842,4.26,1583,259,14.06,12803.84,249.00,92880.00,18123.76,4758.00,14768.00,39549.00,55320.00,78598.00
7,33,83850,5271,6.29,3708,1563,29.65,22263.89,249.00,113903.00,22781.44,14017.00,34048.00,57575.00,70347.00,92371.00
7,34,79896,5289,6.62,3684,1605,30.35,22602.02,246.00,112646.00,22933.32,14526.00,35045.00,57570.00,70593.00,91618.00
7,35,83658,5455,6.52,3841,1614,29.59,21873.04,249.00,112396.00,22806.03,13763.00,34794.00,55573.00,70345.00,92116.00
8,1,91254,5793,6.35,3999,1794,30.97,23752.38,249.00,128926.00,24284.54,15273.00,37293.00,59576.00,76600.00,93372.00
8,2,96330,6100,6.33,4213,1887,30.93,23635.26,249.00,115134.00,23036.56,16268.00,35295.00,58321.00,73344.00,92862.00
8,3,91398,5754,6.30,3945,1809,31.44,24255.52,249.00,115666.00,24549.21,15267.00,37552.00,63590.00,75607.00,92879.00
8,4,81090,5154,6.36,3752,1402,27.20,20932.90,249.00,117640.00,22986.43,11765.00,31788.00,54317.00,71082.00,97114.00
8,5,82494,5139,6.23,3824,1315,25.59,20417.33,249.00,117908.00,22159.86,11768.00,31041.00,52821.00,67593.00,89119.00
8,6,18,2,11.11,2,0,0.00,17524.00,14017.00,21031.00,3507.00,14017.00,21031.00,21031.00,21031.00,21031.00
8,7,74916,4545,6.07,3424,1121,24.66,19154.56,242.00,121167.00,21794.27,10760.00,29058.00,52081.00,65854.00,91135.00
8,8,59934,3220,5.37,2733,487,15.12,14100.57,249.00,115908.00,18120.36,7257.00,18272.00,39302.00,54583.00,80368.00
8,9,92076,5854,6.36,4121,1733,29.60,23110.76,249.00,123475.00,23784.52,14520.00,35569.00,61600.00,71386.00,96670.00
8,10,12,2,16.67,2,0,0.00,22411.50,20527.00,24296.00,1884.50,20527.00,24296.00,24296.00,24296.00,24296.00
8,11,97674,6392,6.54,4452,1940,30.35,23372.82,249.00,131673.00,23690.34,15017.00,36304.00,58577.00,72838.00,97121.00
8,12,18,2,11.11,1,1,50.00,24159.50,15776.00,32543.00,8383.50,15776.00,32543.00,32543.00,32543.00,32543.00
8,13,95934,6102,6.36,4123,1979,32.43,24438.65,249.00,121169.00,24012.32,16520.00,38803.00,60834.00,74852.00,92630.00
8,14,97404,6230,6.40,4167,2063,33.11,24307.67,249.00,118643.00,24129.05,16024.00,37051.00,61568.00,76086.00,94114.00
8,15,96852,6124,6.32,4185,1939,31.66,23753.81,249.00,120933.00,23198.12,15785.00,36796.00,57579.00,71595.00,93877.00
8,16,93996,6035,6.42,4073,1962,32.51,24713.67,249.00,117910.00,24924.56,16519.00,36806.00,62586.00,79110.00,98382.00
8,17,95562,6190,6.48,4249,1941,31.36,24016.62,249.00,119147.00,23628.06,16022.00,37298.00,60577.00,73590.00,91114.00
8,18,89052,5589,6.28,3791,1798,32.17,24530.43,249.00,126918.00,25431.64,15770.00,38302.00,63087.00,78104.00,101134.00
8,19,81564,5086,6.24,3676,1410,27.72,21327.04,249.00,120154.00,22988.03,13259.00,32283.00,53833.00,72605.00,94625.00
8,20,81420,4995,6.13,3548,1447,28.97,22343.65,249.00,125658.00,24154.04,13014.00,34039.00,58823.00,73848.00,97126.00
8,21,94146,6165,6.55,4310,1855,30.09,23588.77,248.00,115163.00,24585.17,14776.00,35062.00,61592.00,76612.00,97138.00
8,22,96360,6333,6.57,4452,1881,29.70,22752.90,249.00,113412.00,22951.26,15020.00,34550.00,58074.00,71092.00,92622.00
8,23,96822,6123,6.32,4134,1989,32.48,24453.50,249.00,121408.00,23781.45,16774.00,37540.00,59823.00,74602.00,94374.00
8,24,93960,6106,6.50,4125,1981,32.44,24107.12,249.00,126680.00,24373.40,15030.00,38048.00,61097.00,75107.00,96131.00
8,25,95442,6304,6.61,4396,1908,30.27,23592.06,249.00,127411.00,23593.27,15768.00,35789.00,59082.00,72351.00,92869.00
8,26,95244,6124,6.43,4248,1876,30.63,23577.16,249.00,116710.00,23562.63,15782.00,36306.00,60101.00,72614.00,92178.00
8,27,18,1,5.56,0,1,100.00,45073.00,45073.00,45073.00,0.00,45073.00,45073.00,45073.00,45073.00,45073.00
8,28,96432,6390,6.63,4376,2014,31.52,24303.72,247.00,122690.00,23571.42,17015.00,36821.00,60861.00,74638.00,92913.00
8,29,90750,5678,6.26,3954,1724,30.36,23266.08,248.00,123907.00,24026.12,15013.00,34805.00,60088.00,74113.00,98386.00
8,30,94188,6070,6.44,4202,1868,30.77,23603.39,249.00,128460.00,23701.33,15534.00,35313.00,59097.00,71625.00,95904.00
8,31,73422,4405,6.00,3317,1088,24.70,19287.57,248.00,121410.00,21893.86,10509.00,29286.00,51814.00,68084.00,89868.00
8,32,90018,5630,6.25,3983,1647,29.25,23013.60,249.00,118433.00,23617.80,15019.00,34549.00,59847.00,73113.00,94149.00
8,33,94500,6028,6.38,4127,1901,31.54,23521.72,242.00,114159.00,23543.87,15274.00,35547.00,60082.00,71601.00,95382.00
8,34,89850,5798,6.45,3873,1925,33.20,24116.12,249.00,112936.00,24466.85,15276.00,38573.00,60349.00,74880.00,96161.00
8,35,90312,5721,6.33,4052,1669,29.17,22785.92,249.00,117155.00,23738.92,14513.00,34547.00,59327.00,73601.00,94870.00
9,1,104286,7003,6.72,4654,2349,33.54,25751.36,248.00,123919.00,25566.85,17027.00,39312.00,66337.00,81113.00,97387.00
9,2,6,1,16.67,1,0,0.00,22277.00,22277.00,22277.00,0.00,22277.00,22277.00,22277.00,22277.00,22277.00
9,3,93438,5884,6.30,4104,1780,30.25,22684.53,249.00,122644.00,23169.14,14268.00,35042.00,56065.00,70334.00,99617.00
9,4,18,1,5.56,0,1,100.00,51312.00,51312.00,51312.00,0.00,51312.00,51312.00,51312.00,51312.00,51312.00
9,5,108474,7485,6.90,5003,2482,33.16,25094.39,249.00,126166.00,24694.10,16767.00,39057.00,61840.00,76608.00,100139.00
9,6,98448,6367,6.47,4437,1930,30.31,23371.03,249.00,116896.00,24027.16,15016.00,34790.00,60330.00,76095.00,98873.00
9,7,69396,3983,5.74,3179,804,20.19,17123.77,249.00,111386.00,20281.01,8760.00,24778.00,46810.00,62074.00,85856.00
9,8,105420,6920,6.56,4559,2361,34.12,25375.07,249.00,114147.00,24972.47,17024.00,38801.00,64836.00,78104.00,98880.00
9,9,97656,6271,6.42,4342,1929,30.76,24401.98,248.00,126158.00,26077.83,14526.00,37791.00,64572.00,80851.00,108135.00
9,10,102996,6911,6.71,4602,2309,33.41,24445.94,249.00,120657.00,24693.87,16023.00,38799.00,61329.00,75604.00,98129.00
9,11,88572,5755,6.50,4061,1694,29.44,22871.84,250.00,115678.00,23418.75,15522.00,34303.00,58850.00,70866.00,92401.00
9,12,103506,6771,6.54,4512,2259,33.36,24725.18,249.00,133952.00,24353.59,16781.00,37814.00,62603.00,74613.00,92654.00
9,13,109368,7378,6.75,4931,2447,33.17,24944.16,249.00,122913.00,24749.48,17021.00,37801.00,61579.00,76599.00,102388.00
9,14,12942,129,1.00,128,1,0.78,2079.93,249.00,72591.00,6419.76,752.00,2001.00,3507.00,5001.00,8258.00
9,15,102810,6945,6.76,4763,2182,31.42,23952.25,249.00,117408.00,24935.91,15025.00,36562.00,61334.00,76599.00,101885.00
9,16,106518,7006,6.58,4679,2327,33.21,25526.17,248.00,116148.00,24682.59,17767.00,39040.00,64338.00,76351.00,100120.00
9,17,108564,7445,6.86,4945,2500,33.58,24865.47,249.00,121700.00,24642.59,16548.00,38810.00,61868.00,74629.00,101672.00
9,18,105054,7056,6.72,4755,2301,32.61,24394.57,249.00,123907.00,24327.25,16270.00,39059.00,61833.00,72598.00,93633.00
9,19,12960,133,1.03,133,0,0.00,1405.96,249.00,6256.00,1197.19,1001.00,2001.00,3254.00,3757.00,5505.00
9,20,105972,7098,6.70,4708,2390,33.67,24695.07,249.00,117411.00,25005.81,15270.00,40295.00,60589.00,76101.00,102639.00
9,21,104256,6963,6.68,4702,2261,32.47,24829.49,248.00,120911.00,24523.40,16772.00,38294.00,61077.00,75610.00,102140.00
9,22,101802,6620,6.50,4418,2202,33.26,25072.04,249.00,115925.00,24834.65,17023.00,39060.00,64346.00,77367.00,99146.00
9,23,100254,6615,6.60,4524,2091,31.61,23781.56,249.00,122193.00,24320.31,15512.00,36069.00,59849.00,73621.00,99427.00
9,24,107466,7081,6.59,4653,2428,34.29,25843.48,247.00,129209.00,25257.68,17532.00,40584.00,64372.00,77628.00,101170.00
9,25,104844,6868,6.55,4565,2303,33.53,25251.28,248.00,116140.00,25302.23,17269.00,37804.00,64328.00,79602.00,98625.00
9,26,87210,5386,6.18,3750,1636,30.38,22885.58,249.00,115650.00,23129.12,14520.00,35792.00,58077.00,72089.00,89116.00
9,27,12972,138,1.06,137,1,0.72,2234.51,249.00,62078.00,5723.32,1002.00,2252.00,3756.00,5757.00,26285.00
9,28,103824,6875,6.62,4609,2266,32.96,24668.11,249.00,120667.00,24959.87,16274.00,38799.00,63337.00,77854.00,98884.00
9,29,101982,6596,6.47,4376,2220,33.66,24977.39,249.00,124151.00,24830.33,16771.00,39799.00,63572.00,73590.00,98619.00
9,30,94260,5924,6.28,3951,1973,33.31,24976.07,248.00,122158.00,25956.09,14016.00,40549.00,64589.00,78101.00,103885.00
9,31,106596,7098,6.66,4735,2363,33.29,24750.54,249.00,119681.00,25039.57,15769.00,38072.00,62358.00,77616.00,99155.00
9,32,108624,7316,6.74,4864,2452,33.52,24554.08,249.00,121405.00,24206.95,16523.00,37550.00,61581.00,76600.00,93875.00
9,33,103734,6599,6.36,4448,2151,32.60,25253.39,249.00,123907.00,25427.96,15773.00,38546.00,65836.00,78849.00,97883.00
9,34,82086,5366,6.54,3739,1627,30.32,22816.37,249.00,115167.00,23234.75,15033.00,35060.00,55578.00,71603.00,98392.00
9,35,81618,5051,6.19,3666,1385,27.42,21378.03,249.00,131907.00,22746.02,13517.00,32045.00,56317.00,68589.00,94117.00
10,1,115758,7752,6.70,4941,2811,36.26,26613.47,248.00,126672.00,26371.40,17513.00,41558.00,66080.00,81595.00,105149.00
10,2,114348,7639,6.68,4946,2693,35.25,25757.47,249.00,128932.00,25082.26,17771.00,40048.00,63332.00,75606.00,99399.00
10,3,22068,580,2.63,508,72,12.41,12546.45,247.00,65334.00,13525.47,7506.00,18272.00,34553.00,42313.00,55317.00
10,4,115956,7809,6.73,5148,2661,34.08,26092.64,249.00,127915.00,25861.67,17527.00,40054.00,65336.00,79857.00,102889.00
10,5,56484,3544,6.27,2696,848,23.93,19292.61,249.00,111414.00,22207.96,10763.00,28791.00,53831.00,66090.00,90384.00
10,6,101118,6716,6.64,4681,2035,30.30,23435.85,249.00,122658.00,24690.71,14770.00,36298.00,62584.00,75849.00,95129.00
10,7,69120,4474,6.47,3116,1358,30.35,22380.69,249.00,108150.00,22724.63,14272.00,34542.00,56344.00,68862.00,90629.00
10,8,111420,7658,6.87,5163,2495,32.58,24450.94,247.00,120418.00,24967.89,16027.00,37309.00,61098.00,78121.00,101136.00
10,9,113616,7553,6.65,4961,2592,34.32,26468.59,249.00,131926.00,26119.54,18025.00,39809.00,65844.00,80116.00,104390.00
10,10,113520,7787,6.86,5069,2718,34.90,25824.17,249.00,126660.00,25229.22,17522.00,40294.00,62841.00,76606.00,100629.00
10,11,12942,140,1.08,138,2,1.43,2075.51,249.00,53829.00,5561.40,751.00,1752.00,4006.00,6003.00,37295.00
10,12,115818,7979,6.89,5336,2643,33.12,25436.78,248.00,127657.00,25671.94,16777.00,39800.00,64583.00,79354.00,102635.00
10,13,109422,7444,6.80,4969,2475,33.25,24891.41,249.00,118667.00,25234.26,15773.00,39555.00,63582.00,77354.00,101888.00
10,14,110526,7468,6.76,4993,2475,33.14,25397.47,248.00,128416.00,25411.00,16515.00,39047.00,63336.00,76853.00,102136.00
10,15,116292,7921,6.81,5324,2597,32.79,24878.37,249.00,124923.00,24845.59,16773.00,37301.00,62078.00,76347.00,100134.00
10,16,114636,7542,6.58,4968,2574,34.13,25415.31,249.00,129166.00,25104.58,16772.00,40053.00,64326.00,76844.00,96372.00
10,17,115848,7920,6.84,5333,2587,32.66,25003.95,249.00,123676.00,25640.62,16270.00,38554.00,63592.00,77101.00,108904.00
10,18,12924,126,0.97,122,4,3.17,2888.37,249.00,59332.00,9696.45,750.00,1751.00,3502.00,4756.00,59332.00
10,19,107076,7022,6.56,4522,2500,35.60,26856.96,249.00,138167.00,26981.29,17773.00,41801.00,67084.00,84106.00,109631.00
10,20,115566,7861,6.80,5116,2745,34.92,25962.94,249.00,128664.00,26065.02,16021.00,41557.00,64081.00,79856.00,100878.00
10,21,114474,7893,6.90,5306,2587,32.78,24832.51,248.00,128414.00,24986.18,16520.00,37298.00,62325.00,77343.00,98366.00
10,22,108444,7319,6.75,5038,2281,31.17,24682.64,249.00,125157.00,25464.02,16274.00,37047.00,63589.00,79352.00,102128.00
10,23,18,2,11.11,1,1,50.00,38550.00,7759.00,69341.00,30791.00,7759.00,69341.00,69341.00,69341.00,69341.00
10,24,115896,8178,7.06,5570,2608,31.89,24636.38,247.00,127907.00,25549.17,15520.00,39045.00,62080.00,78348.00,103625.00
10,25,109068,7275,6.67,4855,2420,33.26,24571.20,249.00,119413.00,24534.23,16021.00,38804.00,62087.00,76856.00,95380.00
10,26,114066,7598,6.66,4956,2642,34.77,26354.03,249.00,120664.00,25595.12,17528.00,41062.00,66105.00,78114.00,96386.00
10,27,113382,7657,6.75,5027,2630,34.35,25589.09,249.00,116897.00,24761.39,17770.00,37801.00,64832.00,77096.00,96125.00
10,28,115590,7821,6.77,5006,2815,35.99,26174.60,248.00,116387.00,25682.16,18021.00,40051.00,66830.00,79089.00,99361.00
10,29,114132,7625,6.68,4937,2688,35.25,26596.16,248.00,122655.00,25988.32,18521.00,40567.00,67588.00,80608.00,101383.00
10,30,115788,7679,6.63,4939,2740,35.68,26496.08,248.00,128690.00,25757.73,18274.00,41565.00,67349.00,79875.00,100654.00
10,31,36,3,8.33,0,3,100.00,35802.33,31293.00,43070.00,5188.50,33044.00,43070.00,43070.00,43070.00,43070.00
10,32,115560,7830,6.78,5126,2704,34.53,25725.64,249.00,113642.00,25113.99,17770.00,40292.00,65581.00,80353.00,95119.00
10,33,42,3,7.14,3,0,0.00,21778.00,19026.00,25281.00,2608.23,21027.00,25281.00,25281.00,25281.00,25281.00
10,34,115278,7695,6.68,4925,2770,36.00,27670.46,248.00,130939.00,27322.07,18525.00,42558.00,69357.00,83367.00,107403.00
10,35,115182,7757,6.73,4916,2841,36.62,26473.65,249.00,123664.00,26345.05,17773.00,41558.00,67097.00,80111.00,104391.00
